<?xml version="1.0" encoding="utf-8" ?>

<component name = "CustomizedButton" extends = "Group">
    
    <interface>
        <field id="positionButton" type="assocarray" alias="posterOk.translation" />
        <field id="positionText" type="assocarray" alias="labelOk.translation" />
        <field id="textButton" type="string" alias="labelOk.text" />
    </interface>
    <script type="text/brightscript" uri="customizedButton.brs" /> 

<children >
    <Poster
        id="posterOk"
        width="213"	
        height="66"
        translation="[840,915]"
        opacity="0.3"
        uri="pkg:/images/button.jpg">
    <Label
        id="labelOk"
        text="Start"
        height="20"
        width="0"
        font="font:SmallestBoldSystemFont"
        horizAlign = "center"
        vertAlign = "center"
        translation="[72,26]" />
    </Poster>
</children>
</component>